Workbook

Sheet APQP Tracker
A1: # | B1: Phase | C1: Deliverable | D1: Output / Artifact (example) | E1: PPAP Req'd | F1: Owner | G1: Due Date | H1: Status | I1: % Complete | J1: Comments / Notes
A2: 1 | B2: Phase 1 - Planning | C2: Product design requirements | D2: VOC summary, engineering spec document, applicable standards/regulatory list, design intent statement | E2: N | H2: Not Started | I2: 0
A3: 2 | B3: Phase 1 - Planning | C3: Project targets (safety, quality/manufacturability, service life, reliability, durability, maintainability, schedule, cost) | D3: Quantified target sheet (PPM target, warranty target, DFMEA severity thresholds, target cost/piece, program timing milestones) - CFT signed off | E3: N | H3: Not Started | I3: 0
A4: 3 | B4: Phase 1 - Planning | C4: Preliminary listing of Critical Items (CIs) and Key Characteristics (KCs) | D4: Draft CI register and KC matrix linked to customer print/spec with rationale | E4: N | H4: Not Started | I4: 0
A5: 4 | B5: Phase 1 - Planning | C5: Preliminary BOM | D5: Multi-level BOM (make/buy flagged), draft part numbering, engineering revision level noted | E5: N | H5: Not Started | I5: 0
A6: 5 | B6: Phase 1 - Planning | C6: Preliminary process flow diagram | D6: High-level box diagram (receiving to shipping) showing major process steps | E6: N | H6: Not Started | I6: 0
A7: 6 | B7: Phase 1 - Planning | C7: SOW review | D7: SOW gap analysis / compliance checklist vs. customer contract, action item log | E7: N | H7: Not Started | I7: 0
A8: 7 | B8: Phase 1 - Planning | C8: Preliminary sourcing plan | D8: Make/buy decision matrix, candidate supplier list, sourcing timing plan | E8: N | H8: Not Started | I8: 0
A9: 8 | B9: Phase 1 - Planning | C9: Project plan | D9: APQP timing chart (Gantt), RACI/team roster, milestone/gate schedule, program risk log | E9: N | H9: Not Started | I9: 0
A10: 9 | B10: Phase 2 - Product Design & Development | C10: Design risk analysis | D10: DFMEA (initial), design review checklist, risk ranking (RPN/AP) | E10: Y | H10: Not Started | I10: 0
A11: 10 | B11: Phase 2 - Product Design & Development | C11: Design records and BOM (addressing DFMEA findings) | D11: Released/updated drawings, 3D models, engineering BOM revised to close DFMEA actions | E11: Y | H11: Not Started | I11: 0
A12: 11 | B12: Phase 2 - Product Design & Development | C12: Special requirements, product KCs and CIs listings | D12: Finalized special characteristics matrix (customer symbols), CI/KC list with control method flagged | E12: N | H12: Not Started | I12: 0
A13: 12 | B13: Phase 2 - Product Design & Development | C13: Preliminary risk analysis of sourcing plan | D13: Supplier risk assessment (capability, capacity, financial, geographic), mitigation plan | E13: N | H13: Not Started | I13: 0
... A49: 48 | B49: Phase 5 - Serial Production and Feedback | C49: Updated design risk analysis, PFMEA, and control plans | D49: Revision-controlled living documents updated per field/warranty data, ECNs, or CI actions | E49: N | H49: Not Started | I49: 0

Sheet Summary Dashboard
A1: APQP Program Status Dashboard
A2: Auto-calculated from APQP Tracker sheet — update owner/due date/status there.
A4: Status | B4: Count | D4: Phase | E4: Total Items | F4: Complete | G4: % Complete
A5: Not Started | B5: =COUNTIF('APQP Tracker'!$H$2:$H$49,A5) -> 48 | D5: Phase 1 - Planning | E5: =COUNTIF('APQP Tracker'!$B$2:$B$49,D5) -> 8 | F5: =COUNTIFS('APQP Tracker'!$B$2:$B$49,D5,'APQP Tracker'!$H$2:$H$49,"Complete") -> 0 | G5: =IF(E5=0,0,F5/E5) -> 0
A6: In Progress | B6: =COUNTIF('APQP Tracker'!$H$2:$H$49,A6) -> 0 | D6: Phase 2 - Product Design & Development | E6: =COUNTIF('APQP Tracker'!$B$2:$B$49,D6) -> 9 | F6: =COUNTIFS('APQP Tracker'!$B$2:$B$49,D6,'APQP Tracker'!$H$2:$H$49,"Complete") -> 0 | G6: =IF(E6=0,0,F6/E6) -> 0
A7: Complete | B7: =COUNTIF('APQP Tracker'!$H$2:$H$49,A7) -> 0 | D7: Phase 3 - Process Design & Development | E7: =COUNTIF('APQP Tracker'!$B$2:$B$49,D7) -> 13 | F7: =COUNTIFS('APQP Tracker'!$B$2:$B$49,D7,'APQP Tracker'!$H$2:$H$49,"Complete") -> 0 | G7: =IF(E7=0,0,F7/E7) -> 0
A8: At Risk | B8: =COUNTIF('APQP Tracker'!$H$2:$H$49,A8) -> 0 | D8: Phase 4 - Product and Process Validation | E8: =COUNTIF('APQP Tracker'!$B$2:$B$49,D8) -> 9 | F8: =COUNTIFS('APQP Tracker'!$B$2:$B$49,D8,'APQP Tracker'!$H$2:$H$49,"Complete") -> 0 | G8: =IF(E8=0,0,F8/E8) -> 0
A9: Blocked | B9: =COUNTIF('APQP Tracker'!$H$2:$H$49,A9) -> 0 | D9: Phase 5 - Serial Production and Feedback | E9: =COUNTIF('APQP Tracker'!$B$2:$B$49,D9) -> 9 | F9: =COUNTIFS('APQP Tracker'!$B$2:$B$49,D9,'APQP Tracker'!$H$2:$H$49,"Complete") -> 0 | G9: =IF(E9=0,0,F9/E9) -> 0
A10: N/A | B10: =COUNTIF('APQP Tracker'!$H$2:$H$49,A10) -> 0
A11: Total Deliverables | B11: =COUNTA('APQP Tracker'!$C$2:$C$49) -> 48
A13: PPAP-Required Elements
A14: Total PPAP items | B14: =COUNTIF('APQP Tracker'!$E$2:$E$49,"Y") -> 12
A15: PPAP items complete | B15: =COUNTIFS('APQP Tracker'!$E$2:$E$49,"Y",'APQP Tracker'!$H$2:$H$49,"Complete") -> 0
